{"cameraMode":{"drawMode":0,"name":"Shaded","section":"Shading Mode"},"sceneLighting":true,"audioPlay":false,"sceneViewState":{"showFog":true,"showMaterialUpdate":false,"showSkybox":true,"showFlares":true,"showImageEffects":true,"showParticleSystems":true},"in2DMode":false,"pivot":{"x":1.1982421875,"y":0.0908203125,"z":0.9990234375},"rotation":{"x":0.14110863208770753,"y":-0.8568530082702637,"z":0.38110706210136416,"w":0.31726008653640749},"size":11.068188667297364,"orthographic":true}