{"cameraMode":{"drawMode":0,"name":"Shaded","section":"Shading Mode"},"sceneLighting":true,"audioPlay":false,"sceneViewState":{"showFog":true,"showMaterialUpdate":false,"showSkybox":true,"showFlares":true,"showImageEffects":true,"showParticleSystems":true},"in2DMode":false,"pivot":{"x":3.640009880065918,"y":-1.71875,"z":8.270133018493653},"rotation":{"x":0.4102417826652527,"y":0.24007388949394227,"z":-0.11287552118301392,"w":0.8725398182868958},"size":18.899330139160158,"orthographic":true}