{"cameraMode":{"drawMode":0,"name":"Shaded","section":"Shading Mode"},"sceneLighting":true,"audioPlay":false,"sceneViewState":{"showFog":true,"showMaterialUpdate":false,"showSkybox":true,"showFlares":true,"showImageEffects":true,"showParticleSystems":true},"in2DMode":false,"pivot":{"x":1.0872507095336915,"y":-0.39891862869262698,"z":-0.506051778793335},"rotation":{"x":0.3104252517223358,"y":0.1913100779056549,"z":-0.06393074244260788,"w":0.9289541244506836},"size":12.154905319213868,"orthographic":false}